study_id,first_name,last_name,middle_name,dob,post_code,address
900_573191_01,Dave,Porter,John,12/05/1990,CF24 2BX,"30 Woodville Drive, Roath"
900_438747_01,Mary,Laynard,NA,01/03/1992,CF12 3NM,"50 Crescent Avenue, Cathays, Cardiff"
900_581001_01,Jules,Thomas-Bucket,NA,29/12/1973,CF6 7NH,"99 Keppoch Stree, Roath, Cardiff"
900_573191_01,Tommy,Kipling,Mac,30/01/1990,CF24 9KL,"900 Terrace Way, Cardiff"
900_438747_01,Elenor,Yale,Louise,05/09/1985,CF22 8IO,"31 Mill Road, Ely, Cardiff"
900_581001_01,Winny,Thomas,"Rudgeyard, Fredrick",05/10/1997,CF14 9EQ,"75 Green Lane, Canton, Caridff"
900_573191_01,Iowan,Cooper,NA,27/11/1988,CF9 8FH,"8 Arran Stree, Roath"
900_438747_01,Ellie,Davies,Milly,30/03/2000,CF32 4NH,"56 Maindy Terrance, Cathays, Cardiff"
900_581001_01,Nigel,Thomas,Dave,20/03/1989,CF24 7FL,"84 Wood Road, Cardiff"
